8524d384-ee55-11ec-9312-e9776b939c1a.jpg,[]
87548df7-ee55-11ec-9608-e9776b939c1a.jpg,['MLS /30']
8a0bd046-ee55-11ec-9a74-e9776b939c1a.jpg,[]
8c330bf9-ee55-11ec-be2b-e9776b939c1a.jpg,['[NLS']
90e73b5d-ee55-11ec-85e2-e9776b939c1a.jpg,['PSy 845']
937a7801-ee55-11ec-80fd-e9776b939c1a.jpg,['PSY 845']
9599150e-ee55-11ec-9039-e9776b939c1a.jpg,['PSY 8457']
99a771e3-ee55-11ec-9ab0-e9776b939c1a.jpg,['NN 18']
a051bc89-ee55-11ec-8e4d-e9776b939c1a.jpg,[]
a2aa89e7-ee55-11ec-9212-e9776b939c1a.jpg,['BN | 8 UU']
30b37687-ee59-11ec-a709-e9776b939c1a.jpg,[]
3320e541-ee59-11ec-98e7-e9776b939c1a.jpg,[]
3582bcee-ee59-11ec-8f3e-e9776b939c1a.jpg,[]
38a603fd-ee59-11ec-8a6d-e9776b939c1a.jpg,[]
3baa5074-ee59-11ec-ac69-e9776b939c1a.jpg,[]
42d9b36a-ee59-11ec-84c3-e9776b939c1a.jpg,[]
